state,district,priority_score,priority_rank,bottleneck_label,forecasted_demand_next_4w
Chhattisgarh,Dhamtari,0.534,1.0,ANOMALY_DETECTED,0.0
Chhattisgarh,Kabeerdham,0.5145,2.0,ANOMALY_DETECTED,0.0
Andhra Pradesh,Dr. B. R. Ambedkar Konaseema,0.5004459770348356,3.0,NORMAL,168.15325678278532
Andhra Pradesh,Tirupati,0.49193484567196316,4.0,NORMAL,255.16743429115945
Chhattisgarh,Gariyaband,0.48016956521739124,5.0,ANOMALY_DETECTED,0.0
Chandigarh,Chandigarh,0.47909999999999997,6.0,NORMAL,0.0
Andhra Pradesh,Annamayya,0.47218781216914407,7.0,NORMAL,73.95937389714692
Andhra Pradesh,Nalgonda,0.4665,8.0,NORMAL,0.0
Assam,North Cachar Hills,0.46540415379629596,9.0,NORMAL,51.34717932098647
Chhattisgarh,Dakshin Bastar Dantewada,0.46256456692913384,10.0,NORMAL,0.0
Chhattisgarh,Dantewada,0.46199999999999997,11.0,NORMAL,0.0
Andhra Pradesh,Kakinada,0.46019999999999994,12.0,NORMAL,0.0
Andhra Pradesh,Medak,0.4599,13.0,NORMAL,0.0
Andhra Pradesh,N. T. R,0.45899999999999996,14.0,NORMAL,0.0
Arunachal Pradesh,Changlang,0.45840000000000003,15.0,NORMAL,0.0
Andhra Pradesh,Bapatla,0.45719999999999994,16.0,NORMAL,0.0
Andhra Pradesh,Alluri Sitharama Raju,0.45719999999999994,16.0,NORMAL,0.0
Andhra Pradesh,Karimnagar,0.4566,17.0,NORMAL,0.0
Andhra Pradesh,Y. S. R,0.45630000000000004,18.0,NORMAL,0.0
Assam,South Salmara Mankachar,0.4554,19.0,NORMAL,0.0
Andhra Pradesh,Sri Sathya Sai,0.45519999999999994,20.0,OPERATIONAL_BOTTLENECK,0.0
Andhra Pradesh,Eluru,0.4548,21.0,NORMAL,0.0
Andhra Pradesh,Parvathipuram Manyam,0.45419999999999994,22.0,NORMAL,0.0
Andhra Pradesh,Palnadu,0.45389999999999997,23.0,NORMAL,0.0
Andhra Pradesh,Anakapalli,0.4536,24.0,NORMAL,0.0
Assam,Majuli,0.45330000000000004,25.0,NORMAL,0.0
Andaman and Nicobar Islands,North And Middle Andaman,0.45299999999999996,26.0,NORMAL,0.0
Chhattisgarh,Khairagarh Chhuikhadan Gandai,0.44999999999999996,27.0,NORMAL,0.0
Chhattisgarh,Mohalla-Manpur-Ambagarh Chowki,0.44999999999999996,27.0,NORMAL,0.0
Andhra Pradesh,Srikakulam,0.44999999999999996,27.0,DEMOGRAPHIC_SURGE,4391.7793096990135
Andhra Pradesh,Ananthapuramu,0.44999999999999996,27.0,DEMOGRAPHIC_SURGE,2044.6491213577572
Andhra Pradesh,West Godavari,0.44154929577464785,28.0,DEMOGRAPHIC_SURGE,6007.620593807369
Andhra Pradesh,Kurnool,0.44085072231139644,29.0,DEMOGRAPHIC_SURGE,4086.180971268536
Andhra Pradesh,Visakhapatnam,0.4401459854014598,30.0,DEMOGRAPHIC_SURGE,3516.2012772474845
Andhra Pradesh,Chittoor,0.43915662650602405,31.0,DEMOGRAPHIC_SURGE,2245.8971520965715
Andhra Pradesh,East Godavari,0.4373546511627907,32.0,DEMOGRAPHIC_SURGE,2318.7183227289497
Andhra Pradesh,Nellore,0.43223684210526314,33.0,DEMOGRAPHIC_SURGE,2244.317915716805
Andhra Pradesh,Ananthapur,0.43157894736842106,34.0,DEMOGRAPHIC_SURGE,1605.023511785348
Assam,Nalbari,0.42486511627906975,35.0,NORMAL,0.0
Assam,Barpeta,0.41141304347826085,36.0,DEMOGRAPHIC_SURGE,2021.8280945124131
Assam,Biswanath,0.39284634146341463,37.0,NORMAL,0.0
Bihar,Kishanganj,0.3818331848552338,38.0,DEMOGRAPHIC_SURGE,0.0
Chhattisgarh,Mohla-Manpur-Ambagarh Chouki,0.3802951219512195,39.0,OPERATIONAL_BOTTLENECK,0.0
Assam,Charaideo,0.3795,40.0,CAPACITY_STRAIN,0.0
Arunachal Pradesh,Lower Subansiri,0.3783,41.0,NORMAL,0.0
Arunachal Pradesh,Tirap,0.3783,41.0,NORMAL,0.0
Bihar,Sheikhpura,0.36239999999999994,42.0,CAPACITY_STRAIN,0.0
Chhattisgarh,Bilaspur,0.3375845070422535,43.0,DEMOGRAPHIC_SURGE,0.0
Bihar,Madhubani,0.33743093270366,44.0,DEMOGRAPHIC_SURGE,0.0
Chhattisgarh,Janjgir-champa,0.32497985611510793,45.0,DEMOGRAPHIC_SURGE,0.0
Bihar,Katihar,0.32201954022988505,46.0,DEMOGRAPHIC_SURGE,0.0
Andaman and Nicobar Islands,South Andaman,0.3156,47.0,CAPACITY_STRAIN,0.0
Arunachal Pradesh,Tawang,0.31529999999999997,48.0,CAPACITY_STRAIN,0.0
Arunachal Pradesh,Leparada,0.31143277184828955,49.0,NORMAL,38.109239494298464
Arunachal Pradesh,Papum Pare,0.309,50.0,CAPACITY_STRAIN,0.0
Chhattisgarh,Baloda Bazar,0.3077532110091743,51.0,DEMOGRAPHIC_SURGE,0.0
Arunachal Pradesh,Lohit,0.3039,52.0,CAPACITY_STRAIN,0.0
Arunachal Pradesh,East Kameng,0.303,53.0,CAPACITY_STRAIN,0.0
Chhattisgarh,Gaurela-pendra-marwahi,0.303,53.0,CAPACITY_STRAIN,0.0
Arunachal Pradesh,Kurung Kumey,0.3,54.0,CAPACITY_STRAIN,0.0
Assam,Sribhumi,0.3,54.0,NORMAL,0.0
Andhra Pradesh,K.V.Rangareddy,0.3,54.0,CAPACITY_STRAIN,0.0
Bihar,Pashchim Champaran,0.3,54.0,NORMAL,0.0
Andhra Pradesh,Guntur,0.2958761904761905,55.0,DEMOGRAPHIC_SURGE,0.0
Andhra Pradesh,Cuddapah,0.28728607594936706,56.0,DEMOGRAPHIC_SURGE,0.0
Chhattisgarh,Durg,0.2867550802139037,57.0,DEMOGRAPHIC_SURGE,0.0
Andhra Pradesh,Krishna,0.2811,58.0,DEMOGRAPHIC_SURGE,0.0
Chhattisgarh,Bemetara,0.27681258278145693,59.0,DEMOGRAPHIC_SURGE,0.0
Bihar,Sitamarhi,0.2648693181818182,60.0,DEMOGRAPHIC_SURGE,0.0
Andhra Pradesh,Prakasam,0.2583205479452054,61.0,DEMOGRAPHIC_SURGE,0.0
Bihar,West Champaran,0.25524230769230766,62.0,DEMOGRAPHIC_SURGE,0.0
Chhattisgarh,Balod,0.2535,63.0,DEMOGRAPHIC_SURGE,0.0
Andhra Pradesh,Sri Potti Sriramulu Nellore,0.2514208166947826,64.0,DEMOGRAPHIC_SURGE,550.1906011038209
Andhra Pradesh,Vizianagaram,0.2439,65.0,DEMOGRAPHIC_SURGE,0.0
Bihar,Darbhanga,0.2406787330316742,66.0,DEMOGRAPHIC_SURGE,0.0
Chhattisgarh,Mahasamund,0.23941747572815533,67.0,DEMOGRAPHIC_SURGE,0.0
Bihar,Jamui,0.236944794188862,68.0,DEMOGRAPHIC_SURGE,0.0
Assam,Nagaon,0.23493283582089552,69.0,DEMOGRAPHIC_SURGE,0.0
Chhattisgarh,Korba,0.22945384615384615,70.0,DEMOGRAPHIC_SURGE,0.0
Chhattisgarh,Bastar,0.22358831168831167,71.0,DEMOGRAPHIC_SURGE,0.0
Bihar,Purnia,0.2187,72.0,DEMOGRAPHIC_SURGE,0.0
Chhattisgarh,Balrampur,0.21698267716535433,73.0,DEMOGRAPHIC_SURGE,0.0
Chhattisgarh,Kanker,0.2145,74.0,DEMOGRAPHIC_SURGE,0.0
Chhattisgarh,Kawardha,0.20821875,75.0,DEMOGRAPHIC_SURGE,0.0
Bihar,Araria,0.20690149253731344,76.0,DEMOGRAPHIC_SURGE,0.0
Bihar,East Champaran,0.20600487804878048,77.0,DEMOGRAPHIC_SURGE,0.0
Bihar,Vaishali,0.1968134328358209,78.0,DEMOGRAPHIC_SURGE,0.0
Bihar,Samastipur,0.19674733893557422,79.0,DEMOGRAPHIC_SURGE,0.0
Assam,Dhubri,0.19083761755485892,80.0,DEMOGRAPHIC_SURGE,0.0
Bihar,Khagaria,0.18932018348623852,81.0,DEMOGRAPHIC_SURGE,0.0
Chhattisgarh,Koriya,0.1858054054054054,82.0,DEMOGRAPHIC_SURGE,0.0
Bihar,Nalanda,0.18513333333333332,83.0,DEMOGRAPHIC_SURGE,0.0
Arunachal Pradesh,West Kameng,0.1782,84.0,NORMAL,0.0
Assam,Goalpara,0.17638040201005026,85.0,DEMOGRAPHIC_SURGE,0.0
Bihar,Muzaffarpur,0.17606235446313068,86.0,DEMOGRAPHIC_SURGE,0.0
Bihar,Supaul,0.17114446854663773,87.0,DEMOGRAPHIC_SURGE,0.0
Bihar,Begusarai,0.16819807355516636,88.0,DEMOGRAPHIC_SURGE,0.0
Andhra Pradesh,Adilabad,0.1668,89.0,DEMOGRAPHIC_SURGE,0.0
Assam,Kamrup,0.16626785714285713,90.0,DEMOGRAPHIC_SURGE,0.0
Assam,Dibrugarh,0.16623321561074894,91.0,DEMOGRAPHIC_SURGE,292.9166888517502
Andhra Pradesh,Anantapur,0.1659116504854369,92.0,DEMOGRAPHIC_SURGE,0.0
Bihar,Siwan,0.16517910447761194,93.0,DEMOGRAPHIC_SURGE,0.0
Andhra Pradesh,Warangal,0.1641,94.0,DEMOGRAPHIC_SURGE,0.0
Assam,Cachar,0.16394472361809045,95.0,DEMOGRAPHIC_SURGE,0.0
Andhra Pradesh,Khammam,0.1638,96.0,DEMOGRAPHIC_SURGE,0.0
Chhattisgarh,Kondagaon,0.16293868194842404,97.0,DEMOGRAPHIC_SURGE,0.0
Bihar,Bhagalpur,0.16240714285714286,98.0,DEMOGRAPHIC_SURGE,0.0
Assam,Darrang,0.16144615384615385,99.0,DEMOGRAPHIC_SURGE,0.0
Assam,Marigaon,0.16056771159874605,100.0,DEMOGRAPHIC_SURGE,0.0
Assam,Golaghat,0.15938622754491016,101.0,DEMOGRAPHIC_SURGE,0.0
Bihar,Patna,0.1590565130260521,102.0,DEMOGRAPHIC_SURGE,0.0
Andhra Pradesh,Nandyal,0.1575,103.0,DEMOGRAPHIC_SURGE,0.0
Andhra Pradesh,Hyderabad,0.1563047619047619,104.0,DEMOGRAPHIC_SURGE,0.0
Arunachal Pradesh,Namsai,0.1563,105.0,NORMAL,0.0
Assam,Karimganj,0.15501428571428572,106.0,DEMOGRAPHIC_SURGE,0.0
Assam,Lakhimpur,0.15441807228915663,107.0,DEMOGRAPHIC_SURGE,0.0
Arunachal Pradesh,Kamle,0.15241740033022977,108.0,NORMAL,6.391334434099274
Andhra Pradesh,Mahabubnagar,0.1521158518247392,109.0,NORMAL,7.052839415797322
Assam,Sonitpur,0.15154285714285715,110.0,DEMOGRAPHIC_SURGE,0.0
Chhattisgarh,Janjgir Champa,0.1502,111.0,NORMAL,0.0
Andhra Pradesh,K.v. Rangareddy,0.1502,111.0,NORMAL,0.0
Andaman & Nicobar Islands,Andamans,0.1502,111.0,NORMAL,0.0
Andhra Pradesh,Karim Nagar,0.1502,111.0,NORMAL,0.0
Andaman & Nicobar Islands,South Andaman,0.1502,111.0,NORMAL,0.0
Bihar,Purnea,0.1502,111.0,NORMAL,0.0
100000,100000,0.15,112.0,NORMAL,0.0
Bihar,Aurangabad(BH),0.15,112.0,NORMAL,0.0
Assam,Bajali,0.15,112.0,NORMAL,0.0
Andhra Pradesh,Mahbubnagar,0.1497,113.0,NORMAL,0.0
Chhattisgarh,Bijapur,0.1487282208588957,114.0,DEMOGRAPHIC_SURGE,0.0
Assam,Bongaigaon,0.14864285714285713,115.0,DEMOGRAPHIC_SURGE,0.0
Bihar,Madhepura,0.14748854489164087,116.0,DEMOGRAPHIC_SURGE,0.0
Bihar,Gaya,0.1472386617100372,117.0,DEMOGRAPHIC_SURGE,0.0
Bihar,Saran,0.14382066420664208,118.0,DEMOGRAPHIC_SURGE,0.0
Chhattisgarh,Jashpur,0.1425102564102564,119.0,DEMOGRAPHIC_SURGE,0.0
Andhra Pradesh,Rangareddi,0.1399090909090909,120.0,DEMOGRAPHIC_SURGE,0.0
Bihar,Banka,0.13849586776859502,121.0,DEMOGRAPHIC_SURGE,0.0
Assam,Kamrup Metro,0.1384375796178344,122.0,DEMOGRAPHIC_SURGE,0.0
Assam,Tinsukia,0.1367154929577465,123.0,DEMOGRAPHIC_SURGE,0.0
Assam,Jorhat,0.12938181818181818,124.0,DEMOGRAPHIC_SURGE,0.0
Assam,Hojai,0.12554285714285712,125.0,DEMOGRAPHIC_SURGE,0.0
Assam,Udalguri,0.12497027027027026,126.0,DEMOGRAPHIC_SURGE,0.0
Assam,Hailakandi,0.12456293706293706,127.0,DEMOGRAPHIC_SURGE,0.0
Assam,Sibsagar,0.1235860465116279,128.0,DEMOGRAPHIC_SURGE,0.0
Assam,Sivasagar,0.11491228070175438,129.0,NORMAL,0.0
Assam,Baksa,0.1137,130.0,DEMOGRAPHIC_SURGE,0.0
Assam,Kokrajhar,0.11153239436619718,131.0,DEMOGRAPHIC_SURGE,0.0
Bihar,Rohtas,0.1098056206088993,132.0,DEMOGRAPHIC_SURGE,0.0
Assam,Dhemaji,0.1098,133.0,DEMOGRAPHIC_SURGE,0.0
Bihar,Saharsa,0.10647591240875912,134.0,DEMOGRAPHIC_SURGE,0.0
Bihar,Aurangabad,0.10635128205128205,135.0,DEMOGRAPHIC_SURGE,0.0
Chhattisgarh,Gaurella Pendra Marwahi,0.1052556818181818,136.0,NORMAL,0.0
Bihar,Gopalganj,0.1016754716981132,137.0,DEMOGRAPHIC_SURGE,0.0
Assam,Karbi Anglong,0.10121578947368422,138.0,DEMOGRAPHIC_SURGE,0.0
Andhra Pradesh,Spsr Nellore,0.09492350486787203,139.0,NORMAL,0.0
Bihar,Kaimur (Bhabua),0.09086842105263157,140.0,DEMOGRAPHIC_SURGE,0.0
Bihar,Sheohar,0.08803612334801761,141.0,DEMOGRAPHIC_SURGE,0.0
Bihar,Bhojpur,0.08579759450171821,142.0,DEMOGRAPHIC_SURGE,0.0
Chhattisgarh,ManendragarhChirmiriBharatpur,0.0794,143.0,NORMAL,14.666666666666666
Bihar,Nawada,0.07816962025316455,144.0,DEMOGRAPHIC_SURGE,0.0
Bihar,Buxar,0.07602445820433434,145.0,DEMOGRAPHIC_SURGE,0.0
Assam,Chirang,0.0757468085106383,146.0,DEMOGRAPHIC_SURGE,0.0
Arunachal Pradesh,Pakke Kessang,0.07530884375420953,147.0,NORMAL,1.02947918069842
Andaman and Nicobar Islands,Nicobar,0.0752,148.0,NORMAL,0.0
Assam,Tamulpur District,0.075,149.0,NORMAL,0.0
Andaman & Nicobar Islands,Nicobars,0.075,149.0,NORMAL,0.0
Arunachal Pradesh,Dibang Valley,0.075,149.0,NORMAL,0.0
Assam,Dima Hasao,0.075,149.0,NORMAL,0.0
Chhatisgarh,Raipur,0.075,149.0,NORMAL,0.0
Chandigarh,Rupnagar,0.075,149.0,NORMAL,0.0
Chandigarh,Mohali,0.075,149.0,NORMAL,0.0
Arunachal Pradesh,Longding,0.0747,150.0,NORMAL,0.0
Arunachal Pradesh,Siang,0.0747,150.0,NORMAL,0.0
Arunachal Pradesh,Anjaw,0.0747,150.0,NORMAL,0.0
Bihar,Lakhisarai,0.06915833333333334,151.0,DEMOGRAPHIC_SURGE,0.0
Andhra Pradesh,Mahabub Nagar,0.0672,152.0,CAPACITY_STRAIN,0.0
Bihar,Munger,0.05123271028037382,153.0,DEMOGRAPHIC_SURGE,0.0
Bihar,Purbi Champaran,0.050755667506297224,154.0,ANOMALY_DETECTED,0.0
Bihar,Jehanabad,0.04039999999999999,155.0,DEMOGRAPHIC_SURGE,0.0
Bihar,Arwal,0.03181621621621622,156.0,DEMOGRAPHIC_SURGE,0.0
Andhra Pradesh,Nizamabad,0.0105,157.0,CAPACITY_STRAIN,0.0
Chhattisgarh,Manendragarh–Chirmiri–Bharatpur,0.00020000000000000004,158.0,CAPACITY_STRAIN,0.0
Arunachal Pradesh,Kra Daadi,0.00020000000000000004,158.0,CAPACITY_STRAIN,0.0
Bihar,Aurangabad(bh),0.00020000000000000004,158.0,CAPACITY_STRAIN,0.0
Arunachal Pradesh,Lower Dibang Valley,0.00020000000000000004,158.0,CAPACITY_STRAIN,0.0
Chhattisgarh,Janjgir - Champa,0.0,159.0,NORMAL,0.0
Bihar,Samstipur,0.0,159.0,NORMAL,0.0
Bihar,Sheikpura,0.0,159.0,NORMAL,0.0
Bihar,Monghyr,0.0,159.0,NORMAL,0.0
Bihar,Purba Champaran,0.0,159.0,NORMAL,0.0
Arunachal Pradesh,Shi-yomi,0.0,159.0,NORMAL,0.0
Bihar,Bhabua,0.0,159.0,NORMAL,0.0
Assam,West Karbi Anglong,-0.0003,160.0,CAPACITY_STRAIN,0.0
Arunachal Pradesh,Upper Subansiri,-0.0003,160.0,CAPACITY_STRAIN,0.0
Arunachal Pradesh,Upper Siang,-0.0003,160.0,CAPACITY_STRAIN,0.0
Arunachal Pradesh,Lower Siang,-0.0003,160.0,DEMOGRAPHIC_SURGE,0.0
Arunachal Pradesh,West Siang,-0.0003,160.0,CAPACITY_STRAIN,0.0
Arunachal Pradesh,East Siang,-0.0003,160.0,CAPACITY_STRAIN,0.0
Andhra Pradesh,Visakhapatanam,,,NORMAL,
BALANAGAR,IDPL COLONY,,,NORMAL,
Chhattisgarh,Mungeli,,,DEMOGRAPHIC_SURGE,
Chhattisgarh,Narayanpur,,,DEMOGRAPHIC_SURGE,
Chhattisgarh,Raigarh,,,DEMOGRAPHIC_SURGE,
Chhattisgarh,Raipur,,,DEMOGRAPHIC_SURGE,
Chhattisgarh,Rajnandgaon,,,DEMOGRAPHIC_SURGE,
Chhattisgarh,Sakti,,,NORMAL,
Chhattisgarh,Sarangarh-Bilaigarh,,,OPERATIONAL_BOTTLENECK,
Chhattisgarh,Sukma,,,DEMOGRAPHIC_SURGE,
Chhattisgarh,Surajpur,,,DEMOGRAPHIC_SURGE,
Chhattisgarh,Surguja,,,DEMOGRAPHIC_SURGE,
Chhattisgarh,Uttar Bastar Kanker,,,NORMAL,
Dadra & Nagar Haveli,Dadra & Nagar Haveli,,,NORMAL,
Dadra and Nagar Haveli,Dadra and Nagar Haveli,,,NORMAL,
Dadra and Nagar Haveli and Daman and Diu,Dadra and Nagar Haveli,,,NORMAL,
Dadra and Nagar Haveli and Daman and Diu,Daman,,,NORMAL,
Dadra and Nagar Haveli and Daman and Diu,Diu,,,NORMAL,
Daman & Diu,Daman,,,NORMAL,
Daman & Diu,Diu,,,NORMAL,
Daman and Diu,Daman,,,CAPACITY_STRAIN,
Daman and Diu,Diu,,,NORMAL,
Darbhanga,Near University Thana,,,NORMAL,
Delhi,Central Delhi,,,NORMAL,
Delhi,East Delhi,,,DEMOGRAPHIC_SURGE,
Delhi,Najafgarh,,,NORMAL,
Delhi,New Delhi,,,CAPACITY_STRAIN,
Delhi,North Delhi,,,DEMOGRAPHIC_SURGE,
Delhi,North East,,,NORMAL,
Delhi,North East Delhi,,,DEMOGRAPHIC_SURGE,
Delhi,North West Delhi,,,DEMOGRAPHIC_SURGE,
Delhi,Shahdara,,,NORMAL,
Delhi,South Delhi,,,DEMOGRAPHIC_SURGE,
Delhi,South East Delhi,,,CAPACITY_STRAIN,
Delhi,South West Delhi,,,DEMOGRAPHIC_SURGE,
Delhi,West Delhi,,,DEMOGRAPHIC_SURGE,
Goa,Bardez,,,NORMAL,
Goa,Bicholim,,,NORMAL,
Goa,North Goa,,,ANOMALY_DETECTED,
Goa,South Goa,,,ANOMALY_DETECTED,
Goa,Tiswadi,,,NORMAL,
Gujarat,Ahmadabad,,,NORMAL,
Gujarat,Ahmedabad,,,DEMOGRAPHIC_SURGE,
Gujarat,Amreli,,,DEMOGRAPHIC_SURGE,
Gujarat,Anand,,,DEMOGRAPHIC_SURGE,
Gujarat,Arvalli,,,NORMAL,
Gujarat,Banas Kantha,,,DEMOGRAPHIC_SURGE,
Gujarat,Banaskantha,,,DEMOGRAPHIC_SURGE,
Gujarat,Bharuch,,,DEMOGRAPHIC_SURGE,
Gujarat,Bhavnagar,,,DEMOGRAPHIC_SURGE,
Gujarat,Botad,,,DEMOGRAPHIC_SURGE,
Gujarat,Chhotaudepur,,,DEMOGRAPHIC_SURGE,
Gujarat,Dahod,,,DEMOGRAPHIC_SURGE,
Gujarat,Dang,,,NORMAL,
Gujarat,Devbhumi Dwarka,,,NORMAL,
Gujarat,Dohad,,,NORMAL,
Gujarat,Gandhinagar,,,DEMOGRAPHIC_SURGE,
Gujarat,Gir Somnath,,,NORMAL,
Gujarat,Jamnagar,,,DEMOGRAPHIC_SURGE,
Gujarat,Junagadh,,,DEMOGRAPHIC_SURGE,
Gujarat,Kachchh,,,DEMOGRAPHIC_SURGE,
Gujarat,Kheda,,,DEMOGRAPHIC_SURGE,
Gujarat,Mahesana,,,DEMOGRAPHIC_SURGE,
Gujarat,Mahisagar,,,NORMAL,
Gujarat,Morbi,,,NORMAL,
Gujarat,Narmada,,,DEMOGRAPHIC_SURGE,
Gujarat,Navsari,,,DEMOGRAPHIC_SURGE,
Gujarat,Panch Mahals,,,CAPACITY_STRAIN,
Gujarat,Panchmahals,,,DEMOGRAPHIC_SURGE,
Gujarat,Patan,,,DEMOGRAPHIC_SURGE,
Gujarat,Porbandar,,,NORMAL,
Gujarat,Rajkot,,,DEMOGRAPHIC_SURGE,
Gujarat,Sabar Kantha,,,NORMAL,
Gujarat,Sabarkantha,,,DEMOGRAPHIC_SURGE,
Gujarat,Surat,,,DEMOGRAPHIC_SURGE,
Gujarat,Surendra Nagar,,,DEMOGRAPHIC_SURGE,
Gujarat,Surendranagar,,,CAPACITY_STRAIN,
Gujarat,Tapi,,,DEMOGRAPHIC_SURGE,
Gujarat,The Dangs,,,NORMAL,
Gujarat,Vadodara,,,DEMOGRAPHIC_SURGE,
Gujarat,Valsad,,,DEMOGRAPHIC_SURGE,
Haryana,Akhera,,,NORMAL,
Haryana,Ambala,,,NORMAL,
Haryana,Bhiwani,,,DEMOGRAPHIC_SURGE,
Haryana,Charkhi Dadri,,,DEMOGRAPHIC_SURGE,
Haryana,Faridabad,,,ANOMALY_DETECTED,
Haryana,Fatehabad,,,DEMOGRAPHIC_SURGE,
Haryana,Gurgaon,,,DEMOGRAPHIC_SURGE,
Haryana,Gurugram,,,NORMAL,
Haryana,Hisar,,,DEMOGRAPHIC_SURGE,
Haryana,Jhajjar,,,NORMAL,
Haryana,Jind,,,DEMOGRAPHIC_SURGE,
Haryana,Kaithal,,,DEMOGRAPHIC_SURGE,
Haryana,Karnal,,,DEMOGRAPHIC_SURGE,
Haryana,Kurukshetra,,,NORMAL,
Haryana,Mahendragarh,,,ANOMALY_DETECTED,
Haryana,Mewat,,,DEMOGRAPHIC_SURGE,
Haryana,Nuh,,,NORMAL,
Haryana,Palwal,,,DEMOGRAPHIC_SURGE,
Haryana,Panchkula,,,NORMAL,
Haryana,Panipat,,,ANOMALY_DETECTED,
Haryana,Rewari,,,NORMAL,
Haryana,Rohtak,,,DEMOGRAPHIC_SURGE,
Haryana,Sirsa,,,DEMOGRAPHIC_SURGE,
Haryana,Sonipat,,,ANOMALY_DETECTED,
Haryana,Yamuna Nagar,,,DEMOGRAPHIC_SURGE,
Haryana,Yamunanagar,,,NORMAL,
Himachal Pradesh,Bilaspur,,,NORMAL,
Himachal Pradesh,Chamba,,,NORMAL,
Himachal Pradesh,Hamirpur,,,NORMAL,
Himachal Pradesh,Kangra,,,DEMOGRAPHIC_SURGE,
Himachal Pradesh,Kinnaur,,,NORMAL,
Himachal Pradesh,Kullu,,,NORMAL,
Himachal Pradesh,Lahaul and Spiti,,,NORMAL,
Himachal Pradesh,Lahul & Spiti,,,NORMAL,
Himachal Pradesh,Lahul and Spiti,,,NORMAL,
Himachal Pradesh,Mandi,,,NORMAL,
Himachal Pradesh,Shimla,,,DEMOGRAPHIC_SURGE,
Himachal Pradesh,Sirmaur,,,NORMAL,
Himachal Pradesh,Solan,,,NORMAL,
Himachal Pradesh,Una,,,NORMAL,
Jaipur,Near meera hospital,,,NORMAL,
Jammu & Kashmir,Anantnag,,,NORMAL,
Jammu & Kashmir,Badgam,,,NORMAL,
Jammu & Kashmir,Bandipur,,,NORMAL,
Jammu & Kashmir,Baramula,,,NORMAL,
Jammu & Kashmir,Doda,,,NORMAL,
Jammu & Kashmir,Jammu,,,NORMAL,
Jammu & Kashmir,Kargil,,,NORMAL,
Jammu & Kashmir,Kathua,,,NORMAL,
Jammu & Kashmir,Kupwara,,,NORMAL,
Jammu & Kashmir,Leh (ladakh),,,NORMAL,
Jammu & Kashmir,Pulwama,,,NORMAL,
Jammu & Kashmir,Punch,,,NORMAL,
Jammu & Kashmir,Rajauri,,,NORMAL,
Jammu & Kashmir,Srinagar,,,NORMAL,
Jammu & Kashmir,Udhampur,,,NORMAL,
Jammu And Kashmir,Doda,,,NORMAL,
Jammu And Kashmir,Shopian,,,NORMAL,
Jammu and Kashmir,?,,,NORMAL,
Jammu and Kashmir,Anantnag,,,DEMOGRAPHIC_SURGE,
Jammu and Kashmir,Badgam,,,DEMOGRAPHIC_SURGE,
Jammu and Kashmir,Bandipore,,,NORMAL,
Jammu and Kashmir,Bandipur,,,NORMAL,
Jammu and Kashmir,Baramula,,,DEMOGRAPHIC_SURGE,
Jammu and Kashmir,Budgam,,,NORMAL,
Jammu and Kashmir,Doda,,,NORMAL,
Jammu and Kashmir,Ganderbal,,,DEMOGRAPHIC_SURGE,
Jammu and Kashmir,Jammu,,,ANOMALY_DETECTED,
Jammu and Kashmir,Kargil,,,NORMAL,
Jammu and Kashmir,Kathua,,,ANOMALY_DETECTED,
Jammu and Kashmir,Kishtwar,,,NORMAL,
Jammu and Kashmir,Kulgam,,,NORMAL,
Jammu and Kashmir,Kupwara,,,DEMOGRAPHIC_SURGE,
Jammu and Kashmir,Leh,,,NORMAL,
Jammu and Kashmir,Poonch,,,NORMAL,
Jammu and Kashmir,Pulwama,,,NORMAL,
Jammu and Kashmir,Punch,,,DEMOGRAPHIC_SURGE,
Jammu and Kashmir,Rajouri,,,DEMOGRAPHIC_SURGE,
Jammu and Kashmir,Ramban,,,NORMAL,
Jammu and Kashmir,Reasi,,,NORMAL,
Jammu and Kashmir,Samba,,,NORMAL,
Jammu and Kashmir,Shupiyan,,,DEMOGRAPHIC_SURGE,
Jammu and Kashmir,Srinagar,,,ANOMALY_DETECTED,
Jammu and Kashmir,Udhampur,,,ANOMALY_DETECTED,
Jammu and Kashmir,punch,,,NORMAL,
Jammu and Kashmir,udhampur,,,NORMAL,
Jharkhand,Bokaro,,,DEMOGRAPHIC_SURGE,
Jharkhand,Chatra,,,CAPACITY_STRAIN,
Jharkhand,Deoghar,,,DEMOGRAPHIC_SURGE,
Jharkhand,Dhanbad,,,DEMOGRAPHIC_SURGE,
Jharkhand,Dumka,,,CAPACITY_STRAIN,
Jharkhand,East Singhbhum,,,DEMOGRAPHIC_SURGE,
Jharkhand,East Singhbum,,,NORMAL,
Jharkhand,Garhwa,,,NORMAL,
Jharkhand,Giridih,,,DEMOGRAPHIC_SURGE,
Jharkhand,Godda,,,DEMOGRAPHIC_SURGE,
Jharkhand,Gumla,,,DEMOGRAPHIC_SURGE,
Jharkhand,Hazaribag,,,NORMAL,
Jharkhand,Hazaribagh,,,DEMOGRAPHIC_SURGE,
Jharkhand,Jamtara,,,NORMAL,
Jharkhand,Khunti,,,CAPACITY_STRAIN,
Jharkhand,Kodarma,,,CAPACITY_STRAIN,
Jharkhand,Koderma,,,CAPACITY_STRAIN,
Jharkhand,Latehar,,,DEMOGRAPHIC_SURGE,
Jharkhand,Lohardaga,,,NORMAL,
Jharkhand,Pakaur,,,CAPACITY_STRAIN,
Jharkhand,Pakur,,,NORMAL,
Jharkhand,Palamau,,,NORMAL,
Jharkhand,Palamu,,,DEMOGRAPHIC_SURGE,
Jharkhand,Pashchimi Singhbhum,,,CAPACITY_STRAIN,
Jharkhand,Purbi Singhbhum,,,NORMAL,
Jharkhand,Ramgarh,,,DEMOGRAPHIC_SURGE,
Jharkhand,Ranchi,,,DEMOGRAPHIC_SURGE,
Jharkhand,Sahebganj,,,DEMOGRAPHIC_SURGE,
Jharkhand,Sahibganj,,,NORMAL,
Jharkhand,Seraikela-Kharsawan,,,DEMOGRAPHIC_SURGE,
Jharkhand,Seraikela-kharsawan,,,CAPACITY_STRAIN,
Jharkhand,Simdega,,,DEMOGRAPHIC_SURGE,
Jharkhand,West Singhbhum,,,DEMOGRAPHIC_SURGE,
Karnataka,Bagalkot,,,DEMOGRAPHIC_SURGE,
Karnataka,Ballari,,,ANOMALY_DETECTED,
Karnataka,Bangalore,,,DEMOGRAPHIC_SURGE,
Karnataka,Belagavi,,,DEMOGRAPHIC_SURGE,
Karnataka,Belgaum,,,DEMOGRAPHIC_SURGE,
Karnataka,Bellary,,,ANOMALY_DETECTED,
Karnataka,Bengaluru,,,DEMOGRAPHIC_SURGE,
Karnataka,Bengaluru Rural,,,DEMOGRAPHIC_SURGE,
Karnataka,Bengaluru South,,,DEMOGRAPHIC_SURGE,
Karnataka,Bengaluru Urban,,,ANOMALY_DETECTED,
Karnataka,Bidar,,,ANOMALY_DETECTED,
Karnataka,Bijapur,,,DEMOGRAPHIC_SURGE,
Karnataka,Bijapur(KAR),,,NORMAL,
Karnataka,Chamarajanagar,,,NORMAL,
Karnataka,Chamrajanagar,,,ANOMALY_DETECTED,
Karnataka,Chamrajnagar,,,NORMAL,
Karnataka,Chickmagalur,,,NORMAL,
Karnataka,Chikkaballapur,,,ANOMALY_DETECTED,
Karnataka,Chikkamagaluru,,,NORMAL,
Karnataka,Chikmagalur,,,NORMAL,
Karnataka,Chitradurga,,,DEMOGRAPHIC_SURGE,
Karnataka,Dakshina Kannada,,,DEMOGRAPHIC_SURGE,
Karnataka,Davanagere,,,NORMAL,
Karnataka,Davangere,,,DEMOGRAPHIC_SURGE,
Karnataka,Dharwad,,,DEMOGRAPHIC_SURGE,
Karnataka,Gadag,,,NORMAL,
Karnataka,Gulbarga,,,ANOMALY_DETECTED,
Karnataka,Hasan,,,NORMAL,
Karnataka,Hassan,,,ANOMALY_DETECTED,
Karnataka,Haveri,,,ANOMALY_DETECTED,
Karnataka,Kalaburagi,,,DEMOGRAPHIC_SURGE,
Karnataka,Kodagu,,,NORMAL,
Karnataka,Kolar,,,DEMOGRAPHIC_SURGE,
Karnataka,Koppal,,,DEMOGRAPHIC_SURGE,
Karnataka,Mandya,,,DEMOGRAPHIC_SURGE,
Karnataka,Mysuru,,,ANOMALY_DETECTED,
Karnataka,Raichur,,,DEMOGRAPHIC_SURGE,
Karnataka,Ramanagar,,,ANOMALY_DETECTED,
Karnataka,Ramanagara,,,NORMAL,
Karnataka,Shimoga,,,NORMAL,
Karnataka,Shivamogga,,,ANOMALY_DETECTED,
Karnataka,Tumakuru,,,ANOMALY_DETECTED,
Karnataka,Tumkur,,,ANOMALY_DETECTED,
Karnataka,Udupi,,,ANOMALY_DETECTED,
Karnataka,Uttara Kannada,,,ANOMALY_DETECTED,
Karnataka,Vijayanagara,,,NORMAL,
Karnataka,Vijayapura,,,DEMOGRAPHIC_SURGE,
Karnataka,Yadgir,,,ANOMALY_DETECTED,
Karnataka,yadgir,,,NORMAL,
Kerala,Alappuzha,,,ANOMALY_DETECTED,
Kerala,Ernakulam,,,ANOMALY_DETECTED,
Kerala,Idukki,,,ANOMALY_DETECTED,
Kerala,Kannur,,,DEMOGRAPHIC_SURGE,
Kerala,Kasaragod,,,ANOMALY_DETECTED,
Kerala,Kasargod,,,NORMAL,
Kerala,Kollam,,,ANOMALY_DETECTED,
Kerala,Kottayam,,,ANOMALY_DETECTED,
Kerala,Kozhikode,,,DEMOGRAPHIC_SURGE,
Kerala,Malappuram,,,DEMOGRAPHIC_SURGE,
Kerala,Palakkad,,,DEMOGRAPHIC_SURGE,
Kerala,Pathanamthitta,,,ANOMALY_DETECTED,
Kerala,Thiruvananthapuram,,,DEMOGRAPHIC_SURGE,
Kerala,Thrissur,,,DEMOGRAPHIC_SURGE,
Kerala,Wayanad,,,NORMAL,
Ladakh,Kargil,,,NORMAL,
Ladakh,Leh,,,NORMAL,
Lakshadweep,Lakshadweep,,,NORMAL,
Madanapalle,Kadiri Road,,,NORMAL,
Madhya Pradesh,Agar Malwa,,,NORMAL,
Madhya Pradesh,Alirajpur,,,CAPACITY_STRAIN,
Madhya Pradesh,Anuppur,,,DEMOGRAPHIC_SURGE,
Madhya Pradesh,Ashok Nagar,,,DEMOGRAPHIC_SURGE,
Madhya Pradesh,Ashoknagar,,,NORMAL,
Madhya Pradesh,Balaghat,,,DEMOGRAPHIC_SURGE,
Madhya Pradesh,Barwani,,,DEMOGRAPHIC_SURGE,
Madhya Pradesh,Betul,,,DEMOGRAPHIC_SURGE,
Madhya Pradesh,Bhind,,,DEMOGRAPHIC_SURGE,
Madhya Pradesh,Bhopal,,,DEMOGRAPHIC_SURGE,
Madhya Pradesh,Burhanpur,,,NORMAL,
Madhya Pradesh,Chhatarpur,,,DEMOGRAPHIC_SURGE,
Madhya Pradesh,Chhindwara,,,DEMOGRAPHIC_SURGE,
Madhya Pradesh,Damoh,,,NORMAL,
Madhya Pradesh,Datia,,,ANOMALY_DETECTED,
Madhya Pradesh,Dewas,,,DEMOGRAPHIC_SURGE,
Madhya Pradesh,Dhar,,,DEMOGRAPHIC_SURGE,
Madhya Pradesh,Dindori,,,DEMOGRAPHIC_SURGE,
Madhya Pradesh,East Nimar,,,NORMAL,
Madhya Pradesh,Guna,,,ANOMALY_DETECTED,
Madhya Pradesh,Gwalior,,,DEMOGRAPHIC_SURGE,
Madhya Pradesh,Harda,,,NORMAL,
Madhya Pradesh,Hoshangabad,,,ANOMALY_DETECTED,
Madhya Pradesh,Indore,,,DEMOGRAPHIC_SURGE,
Madhya Pradesh,Jabalpur,,,DEMOGRAPHIC_SURGE,
Madhya Pradesh,Jhabua,,,DEMOGRAPHIC_SURGE,
Madhya Pradesh,Katni,,,DEMOGRAPHIC_SURGE,
Madhya Pradesh,Khandwa,,,DEMOGRAPHIC_SURGE,
Madhya Pradesh,Khargone,,,DEMOGRAPHIC_SURGE,
Madhya Pradesh,Maihar,,,NORMAL,
Madhya Pradesh,Mandla,,,DEMOGRAPHIC_SURGE,
Madhya Pradesh,Mandsaur,,,DEMOGRAPHIC_SURGE,
Madhya Pradesh,Mauganj,,,NORMAL,
Madhya Pradesh,Morena,,,DEMOGRAPHIC_SURGE,
Madhya Pradesh,Narmadapuram,,,NORMAL,
Madhya Pradesh,Narsimhapur,,,NORMAL,
Madhya Pradesh,Narsinghpur,,,DEMOGRAPHIC_SURGE,
Madhya Pradesh,Neemuch,,,ANOMALY_DETECTED,
Madhya Pradesh,Niwari,,,CAPACITY_STRAIN,
Madhya Pradesh,Pandhurna,,,NORMAL,
Madhya Pradesh,Panna,,,ANOMALY_DETECTED,
Madhya Pradesh,Raisen,,,DEMOGRAPHIC_SURGE,
Madhya Pradesh,Rajgarh,,,DEMOGRAPHIC_SURGE,
Madhya Pradesh,Ratlam,,,DEMOGRAPHIC_SURGE,
Madhya Pradesh,Rewa,,,DEMOGRAPHIC_SURGE,
Madhya Pradesh,Sagar,,,DEMOGRAPHIC_SURGE,
Madhya Pradesh,Satna,,,DEMOGRAPHIC_SURGE,
Madhya Pradesh,Sehore,,,DEMOGRAPHIC_SURGE,
Madhya Pradesh,Seoni,,,DEMOGRAPHIC_SURGE,
Madhya Pradesh,Shahdol,,,DEMOGRAPHIC_SURGE,
Madhya Pradesh,Shajapur,,,DEMOGRAPHIC_SURGE,
Madhya Pradesh,Sheopur,,,DEMOGRAPHIC_SURGE,
Madhya Pradesh,Shivpuri,,,DEMOGRAPHIC_SURGE,
Madhya Pradesh,Sidhi,,,DEMOGRAPHIC_SURGE,
Madhya Pradesh,Singrauli,,,DEMOGRAPHIC_SURGE,
Madhya Pradesh,Tikamgarh,,,DEMOGRAPHIC_SURGE,
Madhya Pradesh,Ujjain,,,DEMOGRAPHIC_SURGE,
Madhya Pradesh,Umaria,,,DEMOGRAPHIC_SURGE,
Madhya Pradesh,Vidisha,,,DEMOGRAPHIC_SURGE,
Madhya Pradesh,West Nimar,,,NORMAL,
Maharashtra,Ahilyanagar,,,NORMAL,
Maharashtra,Ahmadnagar,,,DEMOGRAPHIC_SURGE,
Maharashtra,Ahmed Nagar,,,NORMAL,
Maharashtra,Ahmednagar,,,NORMAL,
Maharashtra,Akola,,,DEMOGRAPHIC_SURGE,
Maharashtra,Amravati,,,DEMOGRAPHIC_SURGE,
Maharashtra,Aurangabad,,,DEMOGRAPHIC_SURGE,
Maharashtra,Beed,,,DEMOGRAPHIC_SURGE,
Maharashtra,Bhandara,,,ANOMALY_DETECTED,
Maharashtra,Bid,,,NORMAL,
Maharashtra,Buldana,,,NORMAL,
Maharashtra,Buldhana,,,DEMOGRAPHIC_SURGE,
Maharashtra,Chandrapur,,,DEMOGRAPHIC_SURGE,
Maharashtra,Chatrapati Sambhaji Nagar,,,NORMAL,
Maharashtra,Chhatrapati Sambhajinagar,,,NORMAL,
Maharashtra,Dharashiv,,,NORMAL,
Maharashtra,Dhule,,,DEMOGRAPHIC_SURGE,
Maharashtra,Dist : Thane,,,NORMAL,
Maharashtra,Gadchiroli,,,ANOMALY_DETECTED,
Maharashtra,Gondia,,,NORMAL,
Maharashtra,Gondiya,,,DEMOGRAPHIC_SURGE,
Maharashtra,Hingoli,,,DEMOGRAPHIC_SURGE,
Maharashtra,Jalgaon,,,DEMOGRAPHIC_SURGE,
Maharashtra,Jalna,,,DEMOGRAPHIC_SURGE,
Maharashtra,Kolhapur,,,DEMOGRAPHIC_SURGE,
Maharashtra,Latur,,,DEMOGRAPHIC_SURGE,
Maharashtra,Mumbai,,,DEMOGRAPHIC_SURGE,
Maharashtra,Mumbai City,,,DEMOGRAPHIC_SURGE,
Maharashtra,Mumbai Suburban,,,DEMOGRAPHIC_SURGE,
Maharashtra,Mumbai( Sub Urban ),,,NORMAL,
Maharashtra,Nagpur,,,DEMOGRAPHIC_SURGE,
Maharashtra,Nanded,,,DEMOGRAPHIC_SURGE,
Maharashtra,Nandurbar,,,ANOMALY_DETECTED,
Maharashtra,Nashik,,,DEMOGRAPHIC_SURGE,
Maharashtra,Osmanabad,,,DEMOGRAPHIC_SURGE,
Maharashtra,Palghar,,,DEMOGRAPHIC_SURGE,
Maharashtra,Parbhani,,,DEMOGRAPHIC_SURGE,
Maharashtra,Pune,,,DEMOGRAPHIC_SURGE,
Maharashtra,Raigad,,,DEMOGRAPHIC_SURGE,
Maharashtra,Raigarh,,,DEMOGRAPHIC_SURGE,
Maharashtra,Raigarh(MH),,,NORMAL,
Maharashtra,Ratnagiri,,,DEMOGRAPHIC_SURGE,
Maharashtra,Sangli,,,DEMOGRAPHIC_SURGE,
Maharashtra,Satara,,,DEMOGRAPHIC_SURGE,
Maharashtra,Sindhudurg,,,NORMAL,
Maharashtra,Solapur,,,DEMOGRAPHIC_SURGE,
Maharashtra,Thane,,,DEMOGRAPHIC_SURGE,
Maharashtra,Wardha,,,ANOMALY_DETECTED,
Maharashtra,Washim,,,ANOMALY_DETECTED,
Maharashtra,Yavatmal,,,DEMOGRAPHIC_SURGE,
Manipur,Bishnupur,,,CAPACITY_STRAIN,
Manipur,Chandel,,,CAPACITY_STRAIN,
Manipur,Churachandpur,,,DEMOGRAPHIC_SURGE,
Manipur,Imphal East,,,DEMOGRAPHIC_SURGE,
Manipur,Imphal West,,,DEMOGRAPHIC_SURGE,
Manipur,Jiribam,,,NORMAL,
Manipur,Kakching,,,OPERATIONAL_BOTTLENECK,
Manipur,Kangpokpi,,,NORMAL,
Manipur,Pherzawl,,,NORMAL,
Manipur,Senapati,,,DEMOGRAPHIC_SURGE,
Manipur,Tamenglong,,,CAPACITY_STRAIN,
Manipur,Thoubal,,,DEMOGRAPHIC_SURGE,
Manipur,Ukhrul,,,CAPACITY_STRAIN,
Meghalaya,East Garo Hills,,,NORMAL,
Meghalaya,East Jaintia Hills,,,NORMAL,
Meghalaya,East Khasi Hills,,,CAPACITY_STRAIN,
Meghalaya,Eastern West Khasi Hills,,,NORMAL,
Meghalaya,Jaintia Hills,,,NORMAL,
Meghalaya,Kamrup,,,NORMAL,
Meghalaya,North Garo Hills,,,NORMAL,
Meghalaya,Ri Bhoi,,,CAPACITY_STRAIN,
Meghalaya,South Garo Hills,,,NORMAL,
Meghalaya,South West Garo Hills,,,NORMAL,
Meghalaya,South West Khasi Hills,,,CAPACITY_STRAIN,
Meghalaya,West Garo Hills,,,NORMAL,
Meghalaya,West Jaintia Hills,,,CAPACITY_STRAIN,
Meghalaya,West Khasi Hills,,,CAPACITY_STRAIN,
Mizoram,Aizawl,,,NORMAL,
Mizoram,Champhai,,,NORMAL,
Mizoram,Hnahthial,,,NORMAL,
Mizoram,Khawzawl,,,NORMAL,
Mizoram,Kolasib,,,NORMAL,
Mizoram,Lawngtlai,,,NORMAL,
Mizoram,Lunglei,,,CAPACITY_STRAIN,
Mizoram,Mamit,,,CAPACITY_STRAIN,
Mizoram,Mammit,,,NORMAL,
Mizoram,Saiha,,,NORMAL,
Mizoram,Saitual,,,NORMAL,
Mizoram,Serchhip,,,NORMAL,
Nagaland,Chumukedima,,,NORMAL,
Nagaland,Dimapur,,,CAPACITY_STRAIN,
Nagaland,Kiphire,,,NORMAL,
Nagaland,Kohima,,,NORMAL,
Nagaland,Longleng,,,NORMAL,
Nagaland,Meluri,,,NORMAL,
Nagaland,Mokokchung,,,CAPACITY_STRAIN,
Nagaland,Mon,,,CAPACITY_STRAIN,
Nagaland,Niuland,,,NORMAL,
Nagaland,Noklak,,,NORMAL,
Nagaland,Peren,,,NORMAL,
Nagaland,Phek,,,NORMAL,
Nagaland,Shamator,,,NORMAL,
Nagaland,Tseminyu,,,NORMAL,
Nagaland,Tuensang,,,CAPACITY_STRAIN,
Nagaland,Wokha,,,CAPACITY_STRAIN,
Nagaland,Zunheboto,,,CAPACITY_STRAIN,
Nagpur,Near Uday nagar NIT garden,,,NORMAL,
ODISHA,NUAPADA,,,NORMAL,
Odisha,ANGUL,,,NORMAL,
Odisha,ANUGUL,,,NORMAL,
Odisha,Angul,,,DEMOGRAPHIC_SURGE,
Odisha,Anugal,,,NORMAL,
Odisha,Anugul,,,CAPACITY_STRAIN,
Odisha,BALANGIR,,,NORMAL,
Odisha,Balangir,,,DEMOGRAPHIC_SURGE,
Odisha,Baleshwar,,,CAPACITY_STRAIN,
Odisha,Baleswar,,,DEMOGRAPHIC_SURGE,
Odisha,Balianta,,,NORMAL,
Odisha,Bargarh,,,DEMOGRAPHIC_SURGE,
Odisha,Baudh,,,NORMAL,
Odisha,Bhadrak,,,DEMOGRAPHIC_SURGE,
Odisha,Bhadrak(R),,,NORMAL,
Odisha,Boudh,,,NORMAL,
Odisha,Cuttack,,,DEMOGRAPHIC_SURGE,
Odisha,Debagarh,,,NORMAL,
Odisha,Dhenkanal,,,DEMOGRAPHIC_SURGE,
Odisha,Gajapati,,,DEMOGRAPHIC_SURGE,
Odisha,Ganjam,,,DEMOGRAPHIC_SURGE,
Odisha,JAJPUR,,,NORMAL,
Odisha,Jagatsinghapur,,,DEMOGRAPHIC_SURGE,
Odisha,Jagatsinghpur,,,NORMAL,
Odisha,Jajapur,,,DEMOGRAPHIC_SURGE,
Odisha,Jajpur,,,NORMAL,
Odisha,Jharsuguda,,,NORMAL,
Odisha,Kalahandi,,,DEMOGRAPHIC_SURGE,
Odisha,Kandhamal,,,NORMAL,
Odisha,Kendrapara,,,DEMOGRAPHIC_SURGE,
Odisha,Kendujhar,,,DEMOGRAPHIC_SURGE,
Odisha,Khorda,,,DEMOGRAPHIC_SURGE,
Odisha,Khordha,,,NORMAL,
Odisha,Koraput,,,DEMOGRAPHIC_SURGE,
Odisha,Malkangiri,,,DEMOGRAPHIC_SURGE,
Odisha,Mayurbhanj,,,DEMOGRAPHIC_SURGE,
Odisha,NAYAGARH,,,NORMAL,
Odisha,NUAPADA,,,NORMAL,
Odisha,Nabarangapur,,,DEMOGRAPHIC_SURGE,
Odisha,Nabarangpur,,,NORMAL,
Odisha,Nayagarh,,,DEMOGRAPHIC_SURGE,
Odisha,Nuapada,,,DEMOGRAPHIC_SURGE,
Odisha,Puri,,,DEMOGRAPHIC_SURGE,
Odisha,Rayagada,,,DEMOGRAPHIC_SURGE,
Odisha,Sambalpur,,,DEMOGRAPHIC_SURGE,
Odisha,Sonapur,,,DEMOGRAPHIC_SURGE,
Odisha,Subarnapur,,,CAPACITY_STRAIN,
Odisha,Sundargarh,,,NORMAL,
Odisha,Sundergarh,,,DEMOGRAPHIC_SURGE,
Odisha,jajpur,,,NORMAL,
Orissa,Angul,,,NORMAL,
Orissa,Anugul,,,CAPACITY_STRAIN,
Orissa,Balangir,,,CAPACITY_STRAIN,
Orissa,Baleshwar,,,NORMAL,
Orissa,Baleswar,,,NORMAL,
Orissa,Bargarh,,,NORMAL,
Orissa,Baudh,,,NORMAL,
Orissa,Bhadrak,,,CAPACITY_STRAIN,
Orissa,Cuttack,,,CAPACITY_STRAIN,
Orissa,Debagarh,,,NORMAL,
Orissa,Dhenkanal,,,NORMAL,
Orissa,Gajapati,,,NORMAL,
Orissa,Ganjam,,,NORMAL,
Orissa,Jagatsinghapur,,,CAPACITY_STRAIN,
Orissa,Jajapur,,,NORMAL,
Orissa,Jharsuguda,,,NORMAL,
Orissa,Kalahandi,,,NORMAL,
Orissa,Kandhamal,,,NORMAL,
Orissa,Kendrapara,,,NORMAL,
Orissa,Kendujhar,,,NORMAL,
Orissa,Khorda,,,NORMAL,
Orissa,Khordha,,,NORMAL,
Orissa,Koraput,,,DEMOGRAPHIC_SURGE,
Orissa,Malkangiri,,,NORMAL,
Orissa,Mayurbhanj,,,NORMAL,
Orissa,Nabarangapur,,,NORMAL,
Orissa,Nayagarh,,,CAPACITY_STRAIN,
Orissa,Nuapada,,,NORMAL,
Orissa,Puri,,,CAPACITY_STRAIN,
Orissa,Rayagada,,,NORMAL,
Orissa,Sambalpur,,,NORMAL,
Orissa,Sonapur,,,NORMAL,
Orissa,Subarnapur,,,NORMAL,
Orissa,Sundargarh,,,NORMAL,
Orissa,Sundergarh,,,NORMAL,
Pondicherry,Cuddalore,,,NORMAL,
Pondicherry,Karaikal,,,NORMAL,
Pondicherry,Pondicherry,,,NORMAL,
Pondicherry,Viluppuram,,,NORMAL,
Pondicherry,Yanam,,,NORMAL,
Puducherry,Karaikal,,,NORMAL,
Puducherry,Pondicherry,,,NORMAL,
Puducherry,Puducherry,,,DEMOGRAPHIC_SURGE,
Puducherry,Yanam,,,NORMAL,
Punjab,Amritsar,,,DEMOGRAPHIC_SURGE,
Punjab,Barnala,,,NORMAL,
Punjab,Bathinda,,,DEMOGRAPHIC_SURGE,
Punjab,Faridkot,,,NORMAL,
Punjab,Fatehgarh Sahib,,,NORMAL,
Punjab,Fazilka,,,NORMAL,
Punjab,Ferozepur,,,NORMAL,
Punjab,Firozpur,,,CAPACITY_STRAIN,
Punjab,Gurdaspur,,,DEMOGRAPHIC_SURGE,
Punjab,Hoshiarpur,,,DEMOGRAPHIC_SURGE,
Punjab,Jalandhar,,,DEMOGRAPHIC_SURGE,
Punjab,Kapurthala,,,NORMAL,
Punjab,Ludhiana,,,DEMOGRAPHIC_SURGE,
Punjab,Malerkotla,,,NORMAL,
Punjab,Mansa,,,NORMAL,
Punjab,Moga,,,NORMAL,
Punjab,Muktsar,,,NORMAL,
Punjab,Nawanshahr,,,CAPACITY_STRAIN,
Punjab,Pathankot,,,NORMAL,
Punjab,Patiala,,,ANOMALY_DETECTED,
Punjab,Rupnagar,,,NORMAL,
Punjab,S.A.S Nagar,,,NORMAL,
Punjab,S.A.S Nagar(Mohali),,,CAPACITY_STRAIN,
Punjab,SAS Nagar (Mohali),,,ANOMALY_DETECTED,
Punjab,Sangrur,,,NORMAL,
Punjab,Shaheed Bhagat Singh Nagar,,,NORMAL,
Punjab,Sri Muktsar Sahib,,,NORMAL,
Punjab,Tarn Taran,,,NORMAL,
Puttenahalli,5th cross,,,NORMAL,
Raja Annamalai Puram,Near Dhyana Ashram,,,NORMAL,
Rajasthan,Ajmer,,,DEMOGRAPHIC_SURGE,
Rajasthan,Alwar,,,DEMOGRAPHIC_SURGE,
Rajasthan,Balotra,,,NORMAL,
Rajasthan,Banswara,,,DEMOGRAPHIC_SURGE,
Rajasthan,Baran,,,NORMAL,
Rajasthan,Barmer,,,DEMOGRAPHIC_SURGE,
Rajasthan,Beawar,,,NORMAL,
Rajasthan,Bharatpur,,,DEMOGRAPHIC_SURGE,
Rajasthan,Bhilwara,,,DEMOGRAPHIC_SURGE,
Rajasthan,Bikaner,,,DEMOGRAPHIC_SURGE,
Rajasthan,Bundi,,,DEMOGRAPHIC_SURGE,
Rajasthan,Chittaurgarh,,,NORMAL,
Rajasthan,Chittorgarh,,,DEMOGRAPHIC_SURGE,
Rajasthan,Churu,,,DEMOGRAPHIC_SURGE,
Rajasthan,Dausa,,,DEMOGRAPHIC_SURGE,
Rajasthan,Deeg,,,NORMAL,
Rajasthan,Dhaulpur,,,CAPACITY_STRAIN,
Rajasthan,Dholpur,,,DEMOGRAPHIC_SURGE,
Rajasthan,Didwana-Kuchaman,,,NORMAL,
Rajasthan,Dungarpur,,,DEMOGRAPHIC_SURGE,
Rajasthan,Ganganagar,,,DEMOGRAPHIC_SURGE,
Rajasthan,Hanumangarh,,,DEMOGRAPHIC_SURGE,
Rajasthan,Jaipur,,,DEMOGRAPHIC_SURGE,
Rajasthan,Jaisalmer,,,DEMOGRAPHIC_SURGE,
Rajasthan,Jalor,,,DEMOGRAPHIC_SURGE,
Rajasthan,Jalore,,,NORMAL,
Rajasthan,Jhalawar,,,DEMOGRAPHIC_SURGE,
Rajasthan,Jhunjhunu,,,NORMAL,
Rajasthan,Jhunjhunun,,,DEMOGRAPHIC_SURGE,
Rajasthan,Jodhpur,,,DEMOGRAPHIC_SURGE,
Rajasthan,Karauli,,,DEMOGRAPHIC_SURGE,
Rajasthan,Khairthal-Tijara,,,NORMAL,
Rajasthan,Kota,,,DEMOGRAPHIC_SURGE,
Rajasthan,Kotputli-Behror,,,NORMAL,
Rajasthan,Nagaur,,,DEMOGRAPHIC_SURGE,
Rajasthan,Pali,,,DEMOGRAPHIC_SURGE,
Rajasthan,Phalodi,,,NORMAL,
Rajasthan,Pratapgarh,,,NORMAL,
Rajasthan,Rajsamand,,,ANOMALY_DETECTED,
Rajasthan,Salumbar,,,NORMAL,
Rajasthan,Sawai Madhopur,,,DEMOGRAPHIC_SURGE,
Rajasthan,Sikar,,,DEMOGRAPHIC_SURGE,
Rajasthan,Sirohi,,,DEMOGRAPHIC_SURGE,
Rajasthan,Tonk,,,DEMOGRAPHIC_SURGE,
Rajasthan,Udaipur,,,DEMOGRAPHIC_SURGE,
Sikkim,East,,,NORMAL,
Sikkim,East Sikkim,,,NORMAL,
Sikkim,Mangan,,,NORMAL,
Sikkim,Namchi,,,NORMAL,
Sikkim,North,,,NORMAL,
Sikkim,North Sikkim,,,CAPACITY_STRAIN,
Sikkim,South,,,CAPACITY_STRAIN,
Sikkim,South Sikkim,,,CAPACITY_STRAIN,
Sikkim,West,,,CAPACITY_STRAIN,
Sikkim,West Sikkim,,,NORMAL,
Tamil Nadu,Ariyalur,,,DEMOGRAPHIC_SURGE,
Tamil Nadu,Chengalpattu,,,DEMOGRAPHIC_SURGE,
Tamil Nadu,Chennai,,,DEMOGRAPHIC_SURGE,
Tamil Nadu,Coimbatore,,,DEMOGRAPHIC_SURGE,
Tamil Nadu,Cuddalore,,,DEMOGRAPHIC_SURGE,
Tamil Nadu,Dharmapuri,,,DEMOGRAPHIC_SURGE,
Tamil Nadu,Dindigul,,,DEMOGRAPHIC_SURGE,
Tamil Nadu,Erode,,,DEMOGRAPHIC_SURGE,
Tamil Nadu,Kallakurichi,,,NORMAL,
Tamil Nadu,Kancheepuram,,,DEMOGRAPHIC_SURGE,
Tamil Nadu,Kanchipuram,,,NORMAL,
Tamil Nadu,Kanniyakumari,,,DEMOGRAPHIC_SURGE,
Tamil Nadu,Kanyakumari,,,DEMOGRAPHIC_SURGE,
Tamil Nadu,Karur,,,DEMOGRAPHIC_SURGE,
Tamil Nadu,Krishnagiri,,,DEMOGRAPHIC_SURGE,
Tamil Nadu,Madurai,,,DEMOGRAPHIC_SURGE,
Tamil Nadu,Mayiladuthurai,,,NORMAL,
Tamil Nadu,Nagapattinam,,,DEMOGRAPHIC_SURGE,
Tamil Nadu,Namakkal,,,DEMOGRAPHIC_SURGE,
Tamil Nadu,Perambalur,,,DEMOGRAPHIC_SURGE,
Tamil Nadu,Pudukkottai,,,DEMOGRAPHIC_SURGE,
Tamil Nadu,Ramanathapuram,,,DEMOGRAPHIC_SURGE,
Tamil Nadu,Ranipet,,,CAPACITY_STRAIN,
Tamil Nadu,Salem,,,DEMOGRAPHIC_SURGE,
Tamil Nadu,Sivaganga,,,DEMOGRAPHIC_SURGE,
Tamil Nadu,Tenkasi,,,DEMOGRAPHIC_SURGE,
Tamil Nadu,Thanjavur,,,DEMOGRAPHIC_SURGE,
Tamil Nadu,The Nilgiris,,,DEMOGRAPHIC_SURGE,
Tamil Nadu,Theni,,,DEMOGRAPHIC_SURGE,
Tamil Nadu,Thiruvallur,,,CAPACITY_STRAIN,
Tamil Nadu,Thiruvarur,,,DEMOGRAPHIC_SURGE,
Tamil Nadu,Thoothukkudi,,,DEMOGRAPHIC_SURGE,
Tamil Nadu,Tiruchirappalli,,,DEMOGRAPHIC_SURGE,
Tamil Nadu,Tirunelveli,,,DEMOGRAPHIC_SURGE,
Tamil Nadu,Tirupathur,,,NORMAL,
Tamil Nadu,Tirupattur,,,DEMOGRAPHIC_SURGE,
Tamil Nadu,Tiruppur,,,DEMOGRAPHIC_SURGE,
Tamil Nadu,Tiruvallur,,,DEMOGRAPHIC_SURGE,
Tamil Nadu,Tiruvannamalai,,,DEMOGRAPHIC_SURGE,
Tamil Nadu,Tiruvarur,,,NORMAL,
Tamil Nadu,Tuticorin,,,NORMAL,
Tamil Nadu,Vellore,,,DEMOGRAPHIC_SURGE,
Tamil Nadu,Villupuram,,,DEMOGRAPHIC_SURGE,
Tamil Nadu,Viluppuram,,,DEMOGRAPHIC_SURGE,
Tamil Nadu,Virudhunagar,,,DEMOGRAPHIC_SURGE,
Tamilnadu,Chennai,,,NORMAL,
Telangana,Adilabad,,,DEMOGRAPHIC_SURGE,
Telangana,Bhadradri Kothagudem,,,DEMOGRAPHIC_SURGE,
Telangana,Hanumakonda,,,NORMAL,
Telangana,Hyderabad,,,DEMOGRAPHIC_SURGE,
Telangana,Jagitial,,,NORMAL,
Telangana,Jangaon,,,NORMAL,
Telangana,Jangoan,,,NORMAL,
Telangana,Jayashankar Bhupalpally,,,NORMAL,
Telangana,Jogulamba Gadwal,,,NORMAL,
Telangana,K.v. Rangareddy,,,DEMOGRAPHIC_SURGE,
Telangana,Kamareddy,,,NORMAL,
Telangana,Karimnagar,,,DEMOGRAPHIC_SURGE,
Telangana,Khammam,,,DEMOGRAPHIC_SURGE,
Telangana,Komaram Bheem,,,DEMOGRAPHIC_SURGE,
Telangana,Mahabubabad,,,NORMAL,
Telangana,Mahabubnagar,,,DEMOGRAPHIC_SURGE,
Telangana,Mancherial,,,NORMAL,
Telangana,Medak,,,DEMOGRAPHIC_SURGE,
Telangana,Medchal Malkajgiri,,,NORMAL,
Telangana,Medchal-malkajgiri,,,DEMOGRAPHIC_SURGE,
Telangana,Medchal?malkajgiri,,,NORMAL,
Telangana,Medchal−malkajgiri,,,NORMAL,
Telangana,Medchal−malkajgiri,,,NORMAL,
Telangana,Mulugu,,,DEMOGRAPHIC_SURGE,
Telangana,Nagarkurnool,,,DEMOGRAPHIC_SURGE,
Telangana,Nalgonda,,,DEMOGRAPHIC_SURGE,
Telangana,Narayanpet,,,NORMAL,
Telangana,Nirmal,,,DEMOGRAPHIC_SURGE,
Telangana,Nizamabad,,,DEMOGRAPHIC_SURGE,
Telangana,Peddapalli,,,NORMAL,
Telangana,Rajanna Sircilla,,,NORMAL,
Telangana,Ranga Reddy,,,NORMAL,
Telangana,Rangareddy,,,NORMAL,
Telangana,Sangareddy,,,DEMOGRAPHIC_SURGE,
Telangana,Siddipet,,,DEMOGRAPHIC_SURGE,
Telangana,Suryapet,,,NORMAL,
Telangana,Vikarabad,,,DEMOGRAPHIC_SURGE,
Telangana,Wanaparthy,,,DEMOGRAPHIC_SURGE,
Telangana,Warangal,,,DEMOGRAPHIC_SURGE,
Telangana,Warangal (urban),,,NORMAL,
Telangana,Warangal Rural,,,NORMAL,
Telangana,Warangal Urban,,,NORMAL,
Telangana,Yadadri.,,,NORMAL,
The Dadra And Nagar Haveli And Daman And Diu,Dadra And Nagar Haveli,,,NORMAL,
Tripura,Dhalai,,,DEMOGRAPHIC_SURGE,
Tripura,Gomati,,,DEMOGRAPHIC_SURGE,
Tripura,Khowai,,,CAPACITY_STRAIN,
Tripura,North Tripura,,,DEMOGRAPHIC_SURGE,
Tripura,Sepahijala,,,CAPACITY_STRAIN,
Tripura,South Tripura,,,DEMOGRAPHIC_SURGE,
Tripura,Unakoti,,,CAPACITY_STRAIN,
Tripura,West Tripura,,,DEMOGRAPHIC_SURGE,
Uttar Pradesh,Agra,,,DEMOGRAPHIC_SURGE,
Uttar Pradesh,Aligarh,,,DEMOGRAPHIC_SURGE,
Uttar Pradesh,Allahabad,,,DEMOGRAPHIC_SURGE,
Uttar Pradesh,Ambedkar Nagar,,,DEMOGRAPHIC_SURGE,
Uttar Pradesh,Amethi,,,DEMOGRAPHIC_SURGE,
Uttar Pradesh,Amroha,,,DEMOGRAPHIC_SURGE,
Uttar Pradesh,Auraiya,,,DEMOGRAPHIC_SURGE,
Uttar Pradesh,Ayodhya,,,NORMAL,
Uttar Pradesh,Azamgarh,,,DEMOGRAPHIC_SURGE,
Uttar Pradesh,Baghpat,,,DEMOGRAPHIC_SURGE,
Uttar Pradesh,Bagpat,,,NORMAL,
Uttar Pradesh,Bahraich,,,DEMOGRAPHIC_SURGE,
Uttar Pradesh,Ballia,,,DEMOGRAPHIC_SURGE,
Uttar Pradesh,Balrampur,,,DEMOGRAPHIC_SURGE,
Uttar Pradesh,Banda,,,DEMOGRAPHIC_SURGE,
Uttar Pradesh,Bara Banki,,,DEMOGRAPHIC_SURGE,
Uttar Pradesh,Barabanki,,,NORMAL,
Uttar Pradesh,Bareilly,,,DEMOGRAPHIC_SURGE,
Uttar Pradesh,Basti,,,DEMOGRAPHIC_SURGE,
Uttar Pradesh,Bhadohi,,,CAPACITY_STRAIN,
Uttar Pradesh,Bijnor,,,DEMOGRAPHIC_SURGE,
Uttar Pradesh,Budaun,,,DEMOGRAPHIC_SURGE,
Uttar Pradesh,Bulandshahar,,,CAPACITY_STRAIN,
Uttar Pradesh,Bulandshahr,,,DEMOGRAPHIC_SURGE,
Uttar Pradesh,Chandauli,,,DEMOGRAPHIC_SURGE,
Uttar Pradesh,Chitrakoot,,,DEMOGRAPHIC_SURGE,
Uttar Pradesh,Deoria,,,DEMOGRAPHIC_SURGE,
Uttar Pradesh,Etah,,,DEMOGRAPHIC_SURGE,
Uttar Pradesh,Etawah,,,DEMOGRAPHIC_SURGE,
Uttar Pradesh,Faizabad,,,DEMOGRAPHIC_SURGE,
Uttar Pradesh,Farrukhabad,,,DEMOGRAPHIC_SURGE,
Uttar Pradesh,Fatehpur,,,DEMOGRAPHIC_SURGE,
Uttar Pradesh,Firozabad,,,DEMOGRAPHIC_SURGE,
Uttar Pradesh,Gautam Buddha Nagar,,,DEMOGRAPHIC_SURGE,
Uttar Pradesh,Ghaziabad,,,DEMOGRAPHIC_SURGE,
Uttar Pradesh,Ghazipur,,,DEMOGRAPHIC_SURGE,
Uttar Pradesh,Gonda,,,DEMOGRAPHIC_SURGE,
Uttar Pradesh,Gorakhpur,,,DEMOGRAPHIC_SURGE,
Uttar Pradesh,Hamirpur,,,DEMOGRAPHIC_SURGE,
Uttar Pradesh,Hapur,,,DEMOGRAPHIC_SURGE,
Uttar Pradesh,Hardoi,,,DEMOGRAPHIC_SURGE,
Uttar Pradesh,Hathras,,,DEMOGRAPHIC_SURGE,
Uttar Pradesh,Jalaun,,,DEMOGRAPHIC_SURGE,
Uttar Pradesh,Jaunpur,,,DEMOGRAPHIC_SURGE,
Uttar Pradesh,Jhansi,,,DEMOGRAPHIC_SURGE,
Uttar Pradesh,Jyotiba Phule Nagar,,,NORMAL,
Uttar Pradesh,Kannauj,,,DEMOGRAPHIC_SURGE,
Uttar Pradesh,Kanpur Dehat,,,DEMOGRAPHIC_SURGE,
Uttar Pradesh,Kanpur Nagar,,,DEMOGRAPHIC_SURGE,
Uttar Pradesh,Kasganj,,,DEMOGRAPHIC_SURGE,
Uttar Pradesh,Kaushambi,,,DEMOGRAPHIC_SURGE,
Uttar Pradesh,Kheri,,,DEMOGRAPHIC_SURGE,
Uttar Pradesh,Kushi Nagar,,,NORMAL,
Uttar Pradesh,Kushinagar,,,DEMOGRAPHIC_SURGE,
Uttar Pradesh,Lalitpur,,,DEMOGRAPHIC_SURGE,
Uttar Pradesh,Lucknow,,,DEMOGRAPHIC_SURGE,
Uttar Pradesh,Maharajganj,,,DEMOGRAPHIC_SURGE,
Uttar Pradesh,Mahoba,,,DEMOGRAPHIC_SURGE,
Uttar Pradesh,Mahrajganj,,,NORMAL,
Uttar Pradesh,Mainpuri,,,DEMOGRAPHIC_SURGE,
Uttar Pradesh,Mathura,,,DEMOGRAPHIC_SURGE,
Uttar Pradesh,Mau,,,DEMOGRAPHIC_SURGE,
Uttar Pradesh,Meerut,,,DEMOGRAPHIC_SURGE,
Uttar Pradesh,Mirzapur,,,DEMOGRAPHIC_SURGE,
Uttar Pradesh,Moradabad,,,DEMOGRAPHIC_SURGE,
Uttar Pradesh,Muzaffarnagar,,,DEMOGRAPHIC_SURGE,
Uttar Pradesh,Pilibhit,,,DEMOGRAPHIC_SURGE,
Uttar Pradesh,Pratapgarh,,,DEMOGRAPHIC_SURGE,
Uttar Pradesh,Prayagraj,,,DEMOGRAPHIC_SURGE,
Uttar Pradesh,Rae Bareli,,,DEMOGRAPHIC_SURGE,
Uttar Pradesh,Raebareli,,,NORMAL,
Uttar Pradesh,Rampur,,,DEMOGRAPHIC_SURGE,
Uttar Pradesh,Saharanpur,,,DEMOGRAPHIC_SURGE,
Uttar Pradesh,Sambhal,,,DEMOGRAPHIC_SURGE,
Uttar Pradesh,Sant Kabir Nagar,,,DEMOGRAPHIC_SURGE,
Uttar Pradesh,Sant Ravidas Nagar,,,DEMOGRAPHIC_SURGE,
Uttar Pradesh,Sant Ravidas Nagar Bhadohi,,,CAPACITY_STRAIN,
Uttar Pradesh,Shahjahanpur,,,DEMOGRAPHIC_SURGE,
Uttar Pradesh,Shamli,,,DEMOGRAPHIC_SURGE,
Uttar Pradesh,Shravasti,,,NORMAL,
Uttar Pradesh,Shrawasti,,,DEMOGRAPHIC_SURGE,
Uttar Pradesh,Siddharth Nagar,,,ANOMALY_DETECTED,
Uttar Pradesh,Siddharthnagar,,,DEMOGRAPHIC_SURGE,
Uttar Pradesh,Sitapur,,,DEMOGRAPHIC_SURGE,
Uttar Pradesh,Sonbhadra,,,DEMOGRAPHIC_SURGE,
Uttar Pradesh,Sultanpur,,,DEMOGRAPHIC_SURGE,
Uttar Pradesh,Unnao,,,DEMOGRAPHIC_SURGE,
Uttar Pradesh,Varanasi,,,DEMOGRAPHIC_SURGE,
Uttarakhand,Almora,,,DEMOGRAPHIC_SURGE,
Uttarakhand,Bageshwar,,,NORMAL,
Uttarakhand,Chamoli,,,ANOMALY_DETECTED,
Uttarakhand,Champawat,,,NORMAL,
Uttarakhand,Dehradun,,,DEMOGRAPHIC_SURGE,
Uttarakhand,Garhwal,,,NORMAL,
Uttarakhand,Hardwar,,,CAPACITY_STRAIN,
Uttarakhand,Haridwar,,,DEMOGRAPHIC_SURGE,
Uttarakhand,Nainital,,,DEMOGRAPHIC_SURGE,
Uttarakhand,Pauri Garhwal,,,DEMOGRAPHIC_SURGE,
Uttarakhand,Pithoragarh,,,ANOMALY_DETECTED,
Uttarakhand,Rudraprayag,,,NORMAL,
Uttarakhand,Tehri Garhwal,,,ANOMALY_DETECTED,
Uttarakhand,Udham Singh Nagar,,,DEMOGRAPHIC_SURGE,
Uttarakhand,Uttarkashi,,,NORMAL,
Uttaranchal,Almora,,,NORMAL,
Uttaranchal,Garhwal,,,NORMAL,
Uttaranchal,Tehri Garhwal,,,NORMAL,
Uttaranchal,Udham Singh Nagar,,,NORMAL,
WEST BENGAL,HOOGHLY,,,NORMAL,
WEST BENGAL,HOWRAH,,,NORMAL,
WEST BENGAL,hooghly,,,NORMAL,
WESTBENGAL,HOOGHLY,,,NORMAL,
West  Bengal,Hooghly,,,NORMAL,
West Bangal,Hooghly,,,NORMAL,
West Bangal,Howrah,,,NORMAL,
West Bangal,South 24 Parganas,,,NORMAL,
West Bengal,24 Paraganas North,,,ANOMALY_DETECTED,
West Bengal,24 Paraganas South,,,NORMAL,
West Bengal,Alipurduar,,,NORMAL,
West Bengal,Bally Jagachha,,,NORMAL,
West Bengal,Bankura,,,DEMOGRAPHIC_SURGE,
West Bengal,Barddhaman,,,DEMOGRAPHIC_SURGE,
West Bengal,Bardhaman,,,NORMAL,
West Bengal,Birbhum,,,DEMOGRAPHIC_SURGE,
West Bengal,Burdwan,,,NORMAL,
West Bengal,Cooch Behar,,,DEMOGRAPHIC_SURGE,
West Bengal,Coochbehar,,,ANOMALY_DETECTED,
West Bengal,Dakshin Dinajpur,,,DEMOGRAPHIC_SURGE,
West Bengal,Darjeeling,,,DEMOGRAPHIC_SURGE,
West Bengal,Darjiling,,,NORMAL,
West Bengal,Dinajpur Dakshin,,,NORMAL,
West Bengal,Dinajpur Uttar,,,ANOMALY_DETECTED,
West Bengal,Domjur,,,NORMAL,
West Bengal,East Midnapore,,,NORMAL,
West Bengal,East Midnapur,,,NORMAL,
West Bengal,East midnapore,,,NORMAL,
West Bengal,HOOGHLY,,,NORMAL,
West Bengal,HOWRAH,,,NORMAL,
West Bengal,Haora,,,CAPACITY_STRAIN,
West Bengal,Hawrah,,,NORMAL,
West Bengal,Hooghiy,,,NORMAL,
West Bengal,Hooghly,,,DEMOGRAPHIC_SURGE,
West Bengal,Howrah,,,DEMOGRAPHIC_SURGE,
West Bengal,Hugli,,,CAPACITY_STRAIN,
West Bengal,Jalpaiguri,,,DEMOGRAPHIC_SURGE,
West Bengal,Jhargram,,,NORMAL,
West Bengal,KOLKATA,,,NORMAL,
West Bengal,Kalimpong,,,NORMAL,
West Bengal,Koch Bihar,,,NORMAL,
West Bengal,Kolkata,,,DEMOGRAPHIC_SURGE,
West Bengal,MALDA,,,NORMAL,
West Bengal,Malda,,,DEMOGRAPHIC_SURGE,
West Bengal,Maldah,,,DEMOGRAPHIC_SURGE,
West Bengal,Medinipur,,,NORMAL,
West Bengal,Medinipur West,,,NORMAL,
West Bengal,Murshidabad,,,DEMOGRAPHIC_SURGE,
West Bengal,NADIA,,,NORMAL,
West Bengal,Nadia,,,DEMOGRAPHIC_SURGE,
West Bengal,Naihati Anandabazar,,,NORMAL,
West Bengal,North 24 Parganas,,,DEMOGRAPHIC_SURGE,
West Bengal,North Dinajpur,,,NORMAL,
West Bengal,North Twenty Four Parganas,,,NORMAL,
West Bengal,Paschim Bardhaman,,,NORMAL,
West Bengal,Paschim Medinipur,,,DEMOGRAPHIC_SURGE,
West Bengal,Purba Bardhaman,,,DEMOGRAPHIC_SURGE,
West Bengal,Purba Medinipur,,,DEMOGRAPHIC_SURGE,
West Bengal,Purulia,,,NORMAL,
West Bengal,Puruliya,,,DEMOGRAPHIC_SURGE,
West Bengal,South  Twenty Four Parganas,,,NORMAL,
West Bengal,South 24 Pargana,,,NORMAL,
West Bengal,South 24 Parganas,,,DEMOGRAPHIC_SURGE,
West Bengal,South 24 pargana,,,NORMAL,
West Bengal,South 24 parganas,,,NORMAL,
West Bengal,South Dinajpur,,,NORMAL,
West Bengal,South DumDum(M),,,NORMAL,
West Bengal,South Twenty Four Parganas,,,DEMOGRAPHIC_SURGE,
West Bengal,Uttar Dinajpur,,,DEMOGRAPHIC_SURGE,
West Bengal,West Medinipur,,,NORMAL,
West Bengal,West Midnapore,,,NORMAL,
West Bengal,east midnapore,,,NORMAL,
West Bengal,hooghly,,,NORMAL,
West Bengal,nadia,,,NORMAL,
West Bengli,Hooghly,,,NORMAL,
West bengal,Hooghly,,,NORMAL,
West bengal,South 24 Parganas,,,NORMAL,
West bengal,hooghly,,,NORMAL,
Westbengal,Hooghly,,,NORMAL,
Westbengal,Howrah,,,NORMAL,
andhra pradesh,chittoor,,,NORMAL,
andhra pradesh,rangareddi,,,NORMAL,
odisha,Gajapati,,,NORMAL,
west Bengal,South 24 Parganas,,,NORMAL,
